{
  "components": [
    {
      "bom-ref": "pkg:github/mongodb/mongo-c-driver@v1.28.1#src/libbson",
      "copyright": "Copyright 2009-present MongoDB, Inc.",
      "externalReferences": [
        {
          "type": "distribution",
          "url": "https://github.com/mongodb/mongo-c-driver/archive/refs/tags/v1.28.1.tar.gz"
        },
        {
          "type": "website",
          "url": "https://github.com/mongodb/mongo-c-driver/tree/v1.28.1"
        }
      ],
      "group": "mongodb",
      "licenses": [
        {
          "license": {
            "id": "Apache-2.0"
          }
        }
      ],
      "name": "mongo-c-driver",
      "purl": "pkg:github/mongodb/mongo-c-driver@v1.28.1#src/libbson",
      "type": "library",
      "version": "v1.28.1"
    },
    {
      "bom-ref": "pkg:generic/IntelRDFPMathLib@20U2?download_url=https://www.netlib.org/misc/intel/IntelRDFPMathLib20U2.tar.gz",
      "copyright": "Copyright (c) 2018, Intel Corp.",
      "externalReferences": [
        {
          "type": "distribution",
          "url": "https://www.netlib.org/misc/intel/IntelRDFPMathLib20U2.tar.gz"
        }
      ],
      "licenses": [
        {
          "license": {
            "id": "BSD-3-Clause"
          }
        }
      ],
      "name": "IntelRDFPMathLib",
      "purl": "pkg:generic/IntelRDFPMathLib@20U2?download_url=https://www.netlib.org/misc/intel/IntelRDFPMathLib20U2.tar.gz",
      "type": "library",
      "version": "20U2"
    }
  ],
  "dependencies": [
    {
      "ref": "pkg:generic/IntelRDFPMathLib@20U2?download_url=https://www.netlib.org/misc/intel/IntelRDFPMathLib20U2.tar.gz"
    },
    {
      "ref": "pkg:github/mongodb/mongo-c-driver@v1.28.1#src/libbson"
    }
  ],
  "metadata": {
    "timestamp": "2025-02-19T18:48:39.389784+00:00",
    "tools": [
      {
        "externalReferences": [
          {
            "type": "build-system",
            "url": "https://github.com/CycloneDX/cyclonedx-python-lib/actions"
          },
          {
            "type": "distribution",
            "url": "https://pypi.org/project/cyclonedx-python-lib/"
          },
          {
            "type": "documentation",
            "url": "https://cyclonedx-python-library.readthedocs.io/"
          },
          {
            "type": "issue-tracker",
            "url": "https://github.com/CycloneDX/cyclonedx-python-lib/issues"
          },
          {
            "type": "license",
            "url": "https://github.com/CycloneDX/cyclonedx-python-lib/blob/main/LICENSE"
          },
          {
            "type": "release-notes",
            "url": "https://github.com/CycloneDX/cyclonedx-python-lib/blob/main/CHANGELOG.md"
          },
          {
            "type": "vcs",
            "url": "https://github.com/CycloneDX/cyclonedx-python-lib"
          },
          {
            "type": "website",
            "url": "https://github.com/CycloneDX/cyclonedx-python-lib/#readme"
          }
        ],
        "name": "cyclonedx-python-lib",
        "vendor": "CycloneDX",
        "version": "6.4.4"
      }
    ]
  },
  "serialNumber": "urn:uuid:0325f852-2f52-41eb-9937-ad18000dccab",
  "version": 1,
  "$schema": "http://cyclonedx.org/schema/bom-1.5.schema.json",
  "bomFormat": "CycloneDX",
  "specVersion": "1.5",
  "vulnerabilities": []
}
