{
  "id": "shard_cluster_1",
  "login": "bob",
  "password": "pwd123",
  "auth_key": "secret",
  "shards": [
    {
      "id": "sh01",
      "shardParams": {
        "members": [
          {
            "procParams": {
              "ipv6": true,
              "bind_ip": "127.0.0.1,::1",
              "shardsvr": true,
              "port": 27217
            }
          },
          {
            "procParams": {
              "ipv6": true,
              "bind_ip": "127.0.0.1,::1",
              "shardsvr": true,
              "port": 27218
            }
          },
          {
            "procParams": {
              "ipv6": true,
              "bind_ip": "127.0.0.1,::1",
              "shardsvr": true,
              "port": 27219
            }
          }
        ]
      }
    }
  ],
  "routers": [
    {
      "ipv6": true,
      "bind_ip": "127.0.0.1,::1",
      "port": 27017,
      "setParameter": {
        "loadBalancerPort": 27050
      }
    },
    {
      "ipv6": true,
      "bind_ip": "127.0.0.1,::1",
      "port": 27018,
      "setParameter": {
        "loadBalancerPort": 27051
      }
    }
  ],
  "sslParams": {
      "sslOnNormalPorts": true,
      "sslPEMKeyFile": "/tmp/orchestration-home/server.pem",
      "sslCAFile": "/tmp/orchestration-home/ca.pem",
      "sslWeakCertificateValidation" : true
  }
}
