<tool_upgrade_vcxproj_cfg class_id="0" tracking_level="0" version="0">
	<root_dir_>../</root_dir_>
	<dir_filter_>
		<count>15</count>
		<bucket_count>37</bucket_count>
		<item_version>0</item_version>
		<item>lib</item>
		<item>lib64</item>
		<item>test_out</item>
		<item>tools</item>
		<item>Debug</item>
		<item>Debug64</item>
		<item>Release</item>
		<item>Release64</item>
		<item>jni</item>
		<item>.git</item>
		<item>.vs</item>
		<item>discard</item>
		<item>licenses</item>
		<item>need_reconstruction</item>
		<item>yggdrasil-ios.xcworkspace</item>
	</dir_filter_>
	<file_filter_>
		<count>0</count>
		<bucket_count>13</bucket_count>
		<item_version>0</item_version>
	</file_filter_>
</tool_upgrade_vcxproj_cfg>
